{
    "start": "2024-08-31T12:17:41.197611",
    "num_accelerators": 4,
    "num_hosts": 1,
    "hostname": "riddhiman-Lenovo-ideapad",
    "metric": {
        "train_au_percentage": [
            98.54052918252191,
            98.017924944572,
            98.63753995918367,
            98.65366532611935,
            98.64254730685039,
            98.62415000758756,
            98.59669346081483,
            98.61778001743306,
            98.67786298632498,
            98.5643380896476
        ],
        "train_au_mean_percentage": 98.55730312810553,
        "train_au_meet_expectation": "success",
        "train_au_stdev_percentage": 0.18397339760077683,
        "train_throughput_samples_per_second": [
            11.783719757639325,
            15.714492880684762,
            15.789132115292903,
            15.786032609703263,
            15.78436127575253,
            15.782452317747026,
            15.768668081438527,
            15.782956466155097,
            15.792473274462981,
            15.77998242986986
        ],
        "train_throughput_mean_samples_per_second": 15.376427120874627,
        "train_throughput_stdev_samples_per_second": 1.1977593175993613,
        "train_io_mean_MB_per_second": 0.06006416844091651,
        "train_io_stdev_MB_per_second": 0.004678747334372505,
        "eval_au_percentage": [
            24.81634631405159,
            24.8550876822041,
            24.824794869961593,
            24.80653018583322,
            24.856548876261996,
            24.840720572690504,
            24.838578706175582,
            24.84407533665606,
            24.872692356227994,
            24.796815643303617,
            24.82004699016312,
            24.85076402562204,
            24.779528984394165,
            24.805802504766817,
            24.863586224034435,
            24.829462254375446,
            24.846571397970337,
            24.828486308502544,
            24.876622319818292,
            24.779634389229237,
            24.848490880542045,
            24.839296543359612,
            24.779505561219256,
            24.80788002988559,
            24.85184774375324,
            24.829297631620072,
            24.845912012275857,
            24.818272877546498,
            24.893962019576605,
            24.81580599019841,
            24.839637824769234,
            24.832084754039276,
            24.822937809613226,
            24.818155395598996,
            24.869058540153326,
            24.82983854315651,
            24.82989733930881,
            24.81822588463403,
            24.885749817256666,
            24.817180338360153
        ],
        "eval_au_mean_percentage": 24.833143336977752,
        "eval_au_meet_expectation": "fail",
        "eval_au_stdev_percentage": 0.02676048375536489,
        "eval_throughput_samples_per_second": [
            1.0039853702597954,
            1.981406176777373,
            1.9799213517435994,
            1.9791239731738195,
            1.9824260318951783,
            1.981116987484537,
            1.979364940786167,
            1.9811076300178871,
            1.9824756935089733,
            1.9778234814385005,
            1.0217082654568153,
            1.980484154087876,
            1.9685126510245239,
            1.9781578902687722,
            1.9813738844655533,
            1.9802957386123543,
            1.9784228857786517,
            1.9812971359482765,
            1.9831857517911329,
            1.968585640410435,
            1.0187590864040132,
            1.9807754972122866,
            1.9686045815786417,
            1.9778402691440848,
            1.9818424601415823,
            1.9802952711247466,
            1.980079315453956,
            1.9811183911121586,
            1.9823627872155847,
            1.9685380581080265,
            1.0140685159866203,
            1.9807100193806504,
            1.9696140723750186,
            1.9784998784164562,
            1.9814553192715632,
            1.9800573485771906,
            1.9776304433055532,
            1.9811183911121586,
            1.9823276530261154,
            1.9691397046551473
        ],
        "eval_throughput_mean_samples_per_second": 1.882140317463294,
        "eval_throughput_stdev_samples_per_second": 0.28921008688428573,
        "eval_io_mean_MB_per_second": 0.007352110615090992,
        "eval_io_stdev_MB_per_second": 0.0011297269018917411
    },
    "num_files_train": 64,
    "num_files_eval": 8,
    "num_samples_per_file": 1,
    "host_cpu_count": [
        8
    ],
    "host_processor_name": "x86_64",
    "potential_caching": [
        1
    ],
    "host_cpuinfo": {
        "vendor_id": "GenuineIntel",
        "cpu family": "6",
        "model": "142",
        "model name": "Intel(R) Core(TM) i5-8250U CPU @ 1.60GHz",
        "stepping": "10",
        "microcode": "0xf4",
        "cpu MHz": "2864.506",
        "cache size": "6144 KB",
        "physical id": "0",
        "siblings": "8",
        "core id": "3",
        "cpu cores": "4",
        "apicid": "7",
        "initial apicid": "7",
        "fpu": "yes",
        "fpu_exception": "yes",
        "cpuid level": "22",
        "wp": "yes",
        "flags": "fpu vme de pse tsc msr pae mce cx8 apic sep mtrr pge mca cmov pat pse36 clflush dts acpi mmx fxsr sse sse2 ss ht tm pbe syscall nx pdpe1gb rdtscp lm constant_tsc art arch_perfmon pebs bts rep_good nopl xtopology nonstop_tsc cpuid aperfmperf pni pclmulqdq dtes64 monitor ds_cpl vmx est tm2 ssse3 sdbg fma cx16 xtpr pdcm pcid sse4_1 sse4_2 x2apic movbe popcnt tsc_deadline_timer aes xsave avx f16c rdrand lahf_lm abm 3dnowprefetch cpuid_fault invpcid_single pti ssbd ibrs ibpb stibp tpr_shadow vnmi flexpriority ept vpid ept_ad fsgsbase tsc_adjust sgx bmi1 avx2 smep bmi2 erms invpcid mpx rdseed adx smap clflushopt intel_pt xsaveopt xsavec xgetbv1 xsaves dtherm ida arat pln pts hwp hwp_notify hwp_act_window hwp_epp md_clear flush_l1d arch_capabilities",
        "vmx flags": "vnmi preemption_timer invvpid ept_x_only ept_ad ept_1gb flexpriority tsc_offset vtpr mtf vapic ept vpid unrestricted_guest ple pml ept_mode_based_exec",
        "bugs": "cpu_meltdown spectre_v1 spectre_v2 spec_store_bypass l1tf mds swapgs itlb_multihit srbds mmio_stale_data retbleed gds",
        "bogomips": "3600.00",
        "clflush size": "64",
        "cache_alignment": "64",
        "address sizes": "39 bits physical, 48 bits virtual",
        "power management": ""
    },
    "host_meminfo": {
        "MemTotal": "7899752 kB",
        "MemFree": "152812 kB",
        "MemAvailable": "3084184 kB",
        "Buffers": "88340 kB",
        "Cached": "3196160 kB",
        "SwapCached": "120040 kB",
        "Active": "2149440 kB",
        "Inactive": "4625004 kB",
        "Active(anon)": "1053196 kB",
        "Inactive(anon)": "2933420 kB",
        "Active(file)": "1096244 kB",
        "Inactive(file)": "1691584 kB",
        "Unevictable": "14892 kB",
        "Mlocked": "16 kB",
        "SwapTotal": "2097148 kB",
        "SwapFree": "328 kB",
        "Zswap": "0 kB",
        "Zswapped": "0 kB",
        "Dirty": "8428 kB",
        "Writeback": "0 kB",
        "AnonPages": "3385048 kB",
        "Mapped": "623332 kB",
        "Shmem": "496688 kB",
        "KReclaimable": "453284 kB",
        "Slab": "673792 kB",
        "SReclaimable": "453284 kB",
        "SUnreclaim": "220508 kB",
        "KernelStack": "20912 kB",
        "PageTables": "57228 kB",
        "SecPageTables": "0 kB",
        "NFS_Unstable": "0 kB",
        "Bounce": "0 kB",
        "WritebackTmp": "0 kB",
        "CommitLimit": "6047024 kB",
        "Committed_AS": "14701376 kB",
        "VmallocTotal": "34359738367 kB",
        "VmallocUsed": "126416 kB",
        "VmallocChunk": "0 kB",
        "Percpu": "6592 kB",
        "HardwareCorrupted": "0 kB",
        "AnonHugePages": "0 kB",
        "ShmemHugePages": "0 kB",
        "ShmemPmdMapped": "0 kB",
        "FileHugePages": "0 kB",
        "FilePmdMapped": "0 kB",
        "HugePages_Total": "0",